<?xml version="1.0" encoding="UTF-8" standalone="yes"?>
<addon id="plugin.video.TeamSports"
       name="Team Sports"
       version="0.0.1"
       provider-name="Team Sports">
  <requires>
    <import addon="xbmc.python" version="2.1.0"/>
    <import addon="script.module.beautifulsoup" version="3.2.1"/>
    <import addon="script.module.simple.downloader" version="0.9.4"/>
    <import addon="script.module.requests" />
    <import addon="script.module.httplib2" />
    <import addon="script.module.liveresolver" version="0.1.24" optional="true"/>
    <import addon="script.module.youtube.dl" optional="true"/>
    <import addon="plugin.video.youtube" optional="true" />
    <import addon="script.module.simplejson" />    
    <import addon="script.module.livestreamer" optional="true"/>
    <import addon="script.module.slproxy" optional="true"/>
    <import addon="script.module.pyamf" optional="true"/>
  </requires>
  <extension point="xbmc.python.pluginsource" library="default.py">
    <provides>video</provides>
  </extension>

    <extension point="xbmc.addon.repository" name="Team Sports">
		<info>https://appteamsports.github.io/repo/addons.xml</info>
		<checksum>https://appteamsports.github.io/repo//addons.xml.md5</checksum>
		<datadir zip="true">https://appteamsports.github.io/repo/</datadir>
	</extension>

  <extension point="xbmc.addon.metadata">
    <summary>TeamSports,este addon no tiene enlaces propios,son recopilacines de la red</summary>
    <description>        
    </description>
    <platform>all</platform>
  </extension>
</addon>